[
  {
    "id": "c79f34b6-6924-4c37-b96b-c0fb40789d83",
    "data": [
      {
        "text": "Hello",
        "userDefined": false
      }
    ],
    "isTemplate": false,
    "count": 1,
    "updated": 1508849816
  },
  {
    "id": "09aeb851-5f83-4c76-bb43-72f27595a513",
    "data": [
      {
        "text": "Hi",
        "userDefined": false
      }
    ],
    "isTemplate": false,
    "count": 0,
    "updated": 1508849816
  },
  {
    "id": "1f7a2a7d-6ccb-4472-86d0-c0f47d7d995c",
    "data": [
      {
        "text": "Talk to Virgin Money Helperbot",
        "userDefined": false
      }
    ],
    "isTemplate": false,
    "count": 0
  }
]