[
  {
    "id": "26b9782b-f76b-4e57-8613-04bf8cbeb2f3",
    "data": [
      {
        "text": "You have declined a payment for a bill while I had enough money in my bank account",
        "userDefined": false
      }
    ],
    "isTemplate": false,
    "count": 0,
    "updated": 1509968284
  },
  {
    "id": "80c5447c-6ba9-4319-9d9d-fbcb974bd68d",
    "data": [
      {
        "text": "I have been declined yet I have enough funds in my pools, why?",
        "userDefined": false
      }
    ],
    "isTemplate": false,
    "count": 0,
    "updated": 1509968284
  },
  {
    "id": "4de403cd-ceab-4934-b68d-1552755f7c5b",
    "data": [
      {
        "text": "I would like to raise a concern about a transaction",
        "userDefined": false
      }
    ],
    "isTemplate": false,
    "count": 0,
    "updated": 1509968284
  },
  {
    "id": "136595a4-e08c-4980-9964-f71fc179c74a",
    "data": [
      {
        "text": "I have been declined for insufficient funds due to my money being organised into the wrong pool",
        "userDefined": false
      }
    ],
    "isTemplate": false,
    "count": 0,
    "updated": 1509968284
  },
  {
    "id": "6683428c-06c6-47e9-b32c-dbb5e7fa622f",
    "data": [
      {
        "text": "I would like to speak to someone about my recent transaction",
        "userDefined": false
      }
    ],
    "isTemplate": false,
    "count": 0,
    "updated": 1509968284
  }
]