[
  {
    "id": "ec91ff5a-df0c-4e03-bfd2-d2eb76c03fa6",
    "data": [
      {
        "text": "I want to speak to someone",
        "userDefined": false
      }
    ],
    "isTemplate": false,
    "count": 0
  },
  {
    "id": "ce382c36-cf0e-4a84-8711-eb0829e71d41",
    "data": [
      {
        "text": "Ring me",
        "userDefined": false
      }
    ],
    "isTemplate": false,
    "count": 0,
    "updated": 1509970031
  },
  {
    "id": "e6194117-a156-49b6-8f7d-a15863a54f77",
    "data": [
      {
        "text": "Call me",
        "userDefined": false
      }
    ],
    "isTemplate": false,
    "count": 0,
    "updated": 1509970031
  },
  {
    "id": "dcf27c38-7e0b-43d5-a8a8-7c7be3fa3f3d",
    "data": [
      {
        "text": "Give me a call",
        "userDefined": false
      }
    ],
    "isTemplate": false,
    "count": 0,
    "updated": 1509970031
  },
  {
    "id": "3733d696-4845-446b-b06b-f4566d610d6d",
    "data": [
      {
        "text": "I want to speak to a ",
        "userDefined": false
      },
      {
        "text": "human",
        "alias": "person",
        "meta": "@person",
        "userDefined": true
      }
    ],
    "isTemplate": false,
    "count": 0,
    "updated": 1509970031
  }
]