[
  {
    "id": "3abf4238-ec24-431a-8369-e1c45f92685d",
    "data": [
      {
        "text": "I\u0027m ",
        "userDefined": false
      },
      {
        "text": "angry",
        "alias": "anger",
        "meta": "@anger",
        "userDefined": true
      }
    ],
    "isTemplate": false,
    "count": 0,
    "updated": 1509969050
  },
  {
    "id": "107778c8-792d-4f18-be38-0451f6483061",
    "data": [
      {
        "text": "Expletive",
        "alias": "anger",
        "meta": "@anger",
        "userDefined": true
      }
    ],
    "isTemplate": false,
    "count": 0
  }
]