[
  {
    "id": "a6a33103-45f5-4290-a8b4-6d7b2b580c61",
    "data": [
      {
        "text": "I want to speak to a ",
        "userDefined": false
      },
      {
        "text": "person",
        "alias": "person",
        "meta": "@person",
        "userDefined": true
      }
    ],
    "isTemplate": false,
    "count": 0
  },
  {
    "id": "14de06c8-c9f9-4bbc-9ac4-79d73fb015a6",
    "data": [
      {
        "text": "Telephone",
        "userDefined": false
      }
    ],
    "isTemplate": false,
    "count": 0
  },
  {
    "id": "2e46f574-6800-4c40-ae4d-6d32d6344855",
    "data": [
      {
        "text": "2",
        "alias": "number",
        "meta": "@sys.number",
        "userDefined": false
      }
    ],
    "isTemplate": false,
    "count": 0
  },
  {
    "id": "a2689d0d-3dff-4f1b-b778-a7fe6feea75e",
    "data": [
      {
        "text": "call me",
        "userDefined": false
      }
    ],
    "isTemplate": false,
    "count": 0
  },
  {
    "id": "6422c885-adc7-4473-9345-d3e9c52e0100",
    "data": [
      {
        "text": "Phone me",
        "userDefined": false
      }
    ],
    "isTemplate": false,
    "count": 0
  }
]