[
  {
    "id": "885e7ace-149e-4635-8a3e-cbafed1cd3d5",
    "data": [
      {
        "text": "I want to chat with ",
        "userDefined": false
      },
      {
        "text": "someone",
        "alias": "person",
        "meta": "@person",
        "userDefined": true
      }
    ],
    "isTemplate": false,
    "count": 0
  },
  {
    "id": "5ce2599f-8817-43ec-a9cf-cb8f35c7ddb0",
    "data": [
      {
        "text": "Chat",
        "userDefined": false
      }
    ],
    "isTemplate": false,
    "count": 0
  },
  {
    "id": "6b553f87-c965-4fa9-b397-d929af3f7e9b",
    "data": [
      {
        "text": "I want to message ",
        "userDefined": false
      },
      {
        "text": "someone",
        "alias": "person",
        "meta": "@person",
        "userDefined": true
      }
    ],
    "isTemplate": false,
    "count": 0
  },
  {
    "id": "289aa625-7f88-4c6d-b319-ca9df36f7ced",
    "data": [
      {
        "text": "Have ",
        "userDefined": false
      },
      {
        "text": "some one",
        "alias": "person",
        "meta": "@person",
        "userDefined": true
      },
      {
        "text": " call me",
        "userDefined": false
      }
    ],
    "isTemplate": false,
    "count": 0
  },
  {
    "id": "5cc7a86b-4b4c-4b7b-b749-a6a50fa53ccd",
    "data": [
      {
        "text": "Have ",
        "userDefined": false
      },
      {
        "text": "someone",
        "alias": "person",
        "meta": "@person",
        "userDefined": true
      },
      {
        "text": " text me",
        "userDefined": false
      }
    ],
    "isTemplate": false,
    "count": 0
  }
]