[
  {
    "id": "169298aa-6f8c-4211-9b28-a4254a9aa124",
    "data": [
      {
        "text": "I\u0027m going abroad, can I use my card?",
        "userDefined": false
      }
    ],
    "isTemplate": false,
    "count": 0,
    "updated": 1510146746
  },
  {
    "id": "5925fecb-9772-40b9-b799-cdb5524fc18a",
    "data": [
      {
        "text": "Can I use my card in ",
        "userDefined": false
      },
      {
        "text": "destination",
        "alias": "location",
        "meta": "@sys.location",
        "userDefined": true
      }
    ],
    "isTemplate": false,
    "count": 0
  },
  {
    "id": "e501508b-38fb-4ab6-a14b-1697298c5072",
    "data": [
      {
        "text": "I\u0027m going to ",
        "userDefined": false
      },
      {
        "text": "destination",
        "alias": "location",
        "meta": "@sys.location",
        "userDefined": true
      },
      {
        "text": ", what are your charges",
        "userDefined": false
      }
    ],
    "isTemplate": false,
    "count": 0,
    "updated": 1510146746
  },
  {
    "id": "291a8a03-6bdf-4a16-be20-a2635aa31a9c",
    "data": [
      {
        "text": "I am travelling abroad to ",
        "userDefined": false
      },
      {
        "text": "Destination",
        "alias": "location",
        "meta": "@sys.location",
        "userDefined": true
      },
      {
        "text": " and want to know any charges likely to occur",
        "userDefined": false
      }
    ],
    "isTemplate": false,
    "count": 0
  },
  {
    "id": "802e96c3-fd8a-49a2-83cf-808dec8b2ef6",
    "data": [
      {
        "text": "How much will I be charged for using my card abroad?",
        "userDefined": false
      }
    ],
    "isTemplate": false,
    "count": 0
  },
  {
    "id": "50e0de58-2b59-4461-95cd-55fc63ce0114",
    "data": [
      {
        "text": "I am going to ",
        "userDefined": false
      },
      {
        "text": "Destination",
        "alias": "location",
        "meta": "@sys.location",
        "userDefined": true
      },
      {
        "text": " and need to know what will be the cost of using my card",
        "userDefined": false
      }
    ],
    "isTemplate": false,
    "count": 0
  }
]