[
  {
    "id": "bd152cce-2e2a-44a3-ac80-fb55b2594c52",
    "data": [
      {
        "text": "Where do I go to set up a spend target?",
        "userDefined": false
      }
    ],
    "isTemplate": false,
    "count": 0
  },
  {
    "id": "0c1be049-53d5-4659-a0af-a5d7d87dbbda",
    "data": [
      {
        "text": "What is a spend target?",
        "userDefined": false
      }
    ],
    "isTemplate": false,
    "count": 0,
    "updated": 1510148016
  },
  {
    "id": "40903af7-08db-4bd6-93d9-2eca00bf98fa",
    "data": [
      {
        "text": "How do I set up a spend target?",
        "userDefined": false
      }
    ],
    "isTemplate": false,
    "count": 0
  }
]