[
  {
    "id": "84c7b5be-7aec-4d1d-937d-dd4784c093b1",
    "data": [
      {
        "text": "Can I do a transfer",
        "userDefined": false
      }
    ],
    "isTemplate": false,
    "count": 0
  },
  {
    "id": "a4efe3b2-071d-41a7-968f-940e3cd589d9",
    "data": [
      {
        "text": "I want to make a transfer",
        "userDefined": false
      }
    ],
    "isTemplate": false,
    "count": 0
  },
  {
    "id": "c064657f-c82d-47a6-a37b-a7460c11b28d",
    "data": [
      {
        "text": "Can I transfer money?",
        "userDefined": false
      }
    ],
    "isTemplate": false,
    "count": 1
  }
]