[
  {
    "id": "f29b4b76-9d11-41b1-b17f-af33b53d0481",
    "data": [
      {
        "text": "I want to pay ",
        "userDefined": false
      },
      {
        "text": "£4",
        "alias": "Value",
        "meta": "@sys.unit-currency",
        "userDefined": false
      },
      {
        "text": " to ",
        "userDefined": false
      },
      {
        "text": "company",
        "alias": "Utility",
        "meta": "@Utility",
        "userDefined": true
      }
    ],
    "isTemplate": false,
    "count": 0
  },
  {
    "id": "011fa0bf-0bb0-483e-b2e1-0b28a7915d28",
    "data": [
      {
        "text": "I have a bill from ",
        "userDefined": false
      },
      {
        "text": "company",
        "alias": "Utility",
        "meta": "@Utility",
        "userDefined": true
      },
      {
        "text": ". Please send ",
        "userDefined": false
      },
      {
        "text": "amount",
        "alias": "Value",
        "meta": "@sys.unit-currency",
        "userDefined": true
      },
      {
        "text": " to cover the cost",
        "userDefined": false
      }
    ],
    "isTemplate": false,
    "count": 0
  },
  {
    "id": "0d625de8-f4f3-425c-bd56-3fc1e1c02528",
    "data": [
      {
        "text": "I want to pay ",
        "userDefined": false
      },
      {
        "text": "company",
        "alias": "Utility",
        "meta": "@Utility",
        "userDefined": true
      }
    ],
    "isTemplate": false,
    "count": 0
  },
  {
    "id": "bb3379f0-7f34-4d24-ad96-c6d46f9e3e8a",
    "data": [
      {
        "text": "I want to pay a bill for ",
        "userDefined": false
      },
      {
        "text": "£3",
        "alias": "Value",
        "meta": "@sys.unit-currency",
        "userDefined": true
      }
    ],
    "isTemplate": false,
    "count": 0
  }
]