[
  {
    "id": "d8ba65fe-9ea4-484c-9cd5-c676ddb3f316",
    "data": [
      {
        "text": "Transfer between pools",
        "userDefined": false
      }
    ],
    "isTemplate": false,
    "count": 1
  },
  {
    "id": "e752962c-4c7c-441b-9a30-f06f80cc914b",
    "data": [
      {
        "text": "I\u0027d like to transfer money from my ",
        "userDefined": false
      },
      {
        "text": "origin pool",
        "alias": "OriginPool",
        "meta": "@pools",
        "userDefined": true
      }
    ],
    "isTemplate": false,
    "count": 0
  },
  {
    "id": "9f8510b1-3861-4bc6-a7da-d995bc874214",
    "data": [
      {
        "text": "I\u0027d like to transfer money to my ",
        "userDefined": false
      },
      {
        "text": "target pool",
        "alias": "TargetPool",
        "meta": "@pools",
        "userDefined": true
      }
    ],
    "isTemplate": false,
    "count": 0
  },
  {
    "id": "34fee5e9-fa7c-49a5-8fa2-cd54e9043026",
    "data": [
      {
        "text": "I need to move money to ",
        "userDefined": false
      },
      {
        "text": "pool",
        "alias": "TargetPool",
        "meta": "@pools",
        "userDefined": true
      }
    ],
    "isTemplate": false,
    "count": 0
  },
  {
    "id": "50e248b0-4224-4da7-9d6c-5dd87c0fa818",
    "data": [
      {
        "text": "I need to move money from one pool to another",
        "userDefined": false
      }
    ],
    "isTemplate": false,
    "count": 0
  },
  {
    "id": "7248697b-e1c5-40a9-80e9-7adfabf45378",
    "data": [
      {
        "text": " I want to move money between pools",
        "userDefined": false
      }
    ],
    "isTemplate": false,
    "count": 0
  },
  {
    "id": "01f99e48-2317-444d-bb82-91ca5fa21095",
    "data": [
      {
        "text": "I want to move money from ",
        "userDefined": false
      },
      {
        "text": "origin pool",
        "alias": "OriginPool",
        "meta": "@pools",
        "userDefined": true
      },
      {
        "text": " to ",
        "userDefined": false
      },
      {
        "text": "target pool",
        "alias": "TargetPool",
        "meta": "@pools",
        "userDefined": true
      }
    ],
    "isTemplate": false,
    "count": 0,
    "updated": 1509971452
  },
  {
    "id": "ec60ee43-79c3-4c68-84f7-e8e2d013237d",
    "data": [
      {
        "text": "I need to move money from my ",
        "userDefined": false
      },
      {
        "text": "pool",
        "alias": "OriginPool",
        "meta": "@pools",
        "userDefined": true
      }
    ],
    "isTemplate": false,
    "count": 0
  },
  {
    "id": "bb16c8cc-01b9-4345-b222-4100fb19a506",
    "data": [
      {
        "text": "I want to move ",
        "userDefined": false
      },
      {
        "text": "$500",
        "alias": "unit-currency",
        "meta": "@sys.unit-currency",
        "userDefined": true
      },
      {
        "text": " ",
        "userDefined": false
      },
      {
        "text": "between",
        "meta": "@sys.ignore",
        "userDefined": true
      },
      {
        "text": " pools",
        "userDefined": false
      }
    ],
    "isTemplate": false,
    "count": 0
  }
]