[
  {
    "id": "b8cb280a-6e1d-4354-a2bd-fffa9c6ce4d3",
    "data": [
      {
        "text": "How do I pay cash in?",
        "userDefined": false
      }
    ],
    "isTemplate": false,
    "count": 0,
    "updated": 1508854764
  },
  {
    "id": "9eb55a28-f6dd-4d89-aad6-14894de08bcf",
    "data": [
      {
        "text": "Pay cash",
        "userDefined": false
      }
    ],
    "isTemplate": false,
    "count": 0,
    "updated": 1508854764
  },
  {
    "id": "db7acff9-040a-43b8-aaab-954a008cab4f",
    "data": [
      {
        "text": "Deposit cash",
        "userDefined": false
      }
    ],
    "isTemplate": false,
    "count": 0,
    "updated": 1508854764
  }
]