[
  {
    "id": "6a76dd77-c723-4584-ab0f-cbc20120a332",
    "data": [
      {
        "text": "How do I make a deposit?",
        "userDefined": false
      }
    ],
    "isTemplate": false,
    "count": 0,
    "updated": 0
  },
  {
    "id": "10b34202-01df-45e6-9417-c1e214a4df4f",
    "data": [
      {
        "text": "How do I put money into my account?",
        "userDefined": false
      }
    ],
    "isTemplate": false,
    "count": 0,
    "updated": 0
  },
  {
    "id": "1e860141-157b-49b5-86e0-075570492869",
    "data": [
      {
        "text": "How can I pay in money?",
        "userDefined": false
      }
    ],
    "isTemplate": false,
    "count": 0,
    "updated": 0
  },
  {
    "id": "9fceb9f7-2ed1-419b-9e4f-1fb595f36379",
    "data": [
      {
        "text": "Put money in",
        "userDefined": false
      }
    ],
    "isTemplate": false,
    "count": 0,
    "updated": 1508925249
  }
]