[
  {
    "id": "e4eb204d-924a-46f7-82e4-e6ed4c0a0abe",
    "data": [
      {
        "text": "How to deposit a cheque",
        "userDefined": false
      }
    ],
    "isTemplate": false,
    "count": 0,
    "updated": 0
  },
  {
    "id": "579b9139-643d-425f-8064-4c02c7869dc7",
    "data": [
      {
        "text": "How do I pay in a cheque",
        "userDefined": false
      }
    ],
    "isTemplate": false,
    "count": 0,
    "updated": 0
  },
  {
    "id": "ccf79735-f876-4776-933d-6c970e8b2239",
    "data": [
      {
        "text": "Where can I send a cheque?",
        "userDefined": false
      }
    ],
    "isTemplate": false,
    "count": 0,
    "updated": 1508854845
  }
]