[
  {
    "id": "f7e0a095-77fd-402b-9c29-81302f1b38ad",
    "data": [
      {
        "text": "Find a Virgin Money Store",
        "userDefined": false
      }
    ],
    "isTemplate": false,
    "count": 0,
    "updated": 0
  },
  {
    "id": "b6cc40e7-ee5d-4e42-88f7-b2c8c5d70896",
    "data": [
      {
        "text": "Where is a store",
        "userDefined": false
      }
    ],
    "isTemplate": false,
    "count": 0,
    "updated": 0
  },
  {
    "id": "ad4b669b-deb0-4c17-bb00-a38a22da22e7",
    "data": [
      {
        "text": "Where\u0027s my nearest branch",
        "userDefined": false
      }
    ],
    "isTemplate": false,
    "count": 0,
    "updated": 0
  }
]