[
  {
    "value": "House pool",
    "synonyms": [
      "House pool",
      "Deposit pool",
      "Property pool"
    ]
  },
  {
    "value": "Tax pool",
    "synonyms": [
      "Tax pool",
      "income tax pool",
      "Taxation pool"
    ]
  },
  {
    "value": "Everyday Pool",
    "synonyms": [
      "Everyday Pool",
      "Everyday",
      "Current account"
    ]
  },
  {
    "value": "Bills pool",
    "synonyms": [
      "Bills pool",
      "utility pool",
      "outgoings pool",
      "outgoings"
    ]
  },
  {
    "value": "Holiday Pool",
    "synonyms": [
      "Holiday Pool",
      "Vacation Pool"
    ]
  },
  {
    "value": "Savings Pool",
    "synonyms": [
      "Savings Pool",
      "Savings"
    ]
  }
]