[
  {
    "value": "Broadband Companies",
    "synonyms": [
      "TalkTalk",
      "Virgin Media",
      "Sky",
      "BT Broadband",
      "Plusnet",
      "Andrews and Arnold",
      "Broadband Companies"
    ]
  },
  {
    "value": "Mobile Phone",
    "synonyms": [
      "Mobile Phone",
      "Three",
      "EE",
      "Vodafone",
      "BT Mobile",
      "GiffGaff",
      "Virgin Mobile"
    ]
  },
  {
    "value": "Water Company",
    "synonyms": [
      "Water Company",
      "Thames Water",
      "Severn Trent",
      "Anglian Water",
      "Northumbrian Water",
      "Southern Water",
      "South West Water",
      "United Utilities",
      "United Utilities",
      "Yorkshire Water"
    ]
  },
  {
    "value": "Power Company",
    "synonyms": [
      "EDF",
      "Affect Energy",
      "Avro Energy",
      "British Gas",
      "Co-Operative Energy",
      "Electricity bill",
      "E.On",
      "Bristol Energy",
      "Ecotricity",
      "Good Energy",
      "Ovo",
      "Better Energy"
    ]
  }
]